h,eL2,eH1
0.1,0.84775,2.90398
