dt,eL2,eH1
0.05,0.000520175,0.00369057
