h,eL2,eH1
0.1,0.174611,0.724295
