dt,eL2,eH1
0.05,0.00272101,0.0200766
