h,eL2,eH1
0.1,0.00822306,0.0216566
