dt,eL2,eH1
0.05,0.0667809,0.32669
