h,eL2,eH1
0.05,0.00797994,0.0320105
